Member,Team or function,Level,Location,Tenure band,Ties from,Community,Received strength (in-strength),Given strength (out-strength),Connections in (in-degree),Connections out (out-degree),Bridging (betweenness),"Bridging, every tie counted as 1 (binary betweenness)",Reach from others (harmonic closeness (incoming)),Reach to others (harmonic closeness (outgoing)),Ties to the well connected (eigenvector centrality),Constraint (burt’s constraint),Non-redundant contacts (effective size),Local clustering (local clustering coefficient),Not defined because,Ratings received (−1 to +1 scale),Members giving them
FIN-L4-01,Finance,L4,Bristol,1 to 3 years,Composite of all layers,1,6.455555555555552,6.061111111111108,16,16,0.008097165991902834,0.014451882018956258,0.31014890602921924,0.2923713478833915,0.056110482318879565,0.3022922406416076,18.78546182391712,0.17006742570044264,,,
FIN-L3-01,Finance,L3,Glasgow,3 to 5 years,Composite of all layers,1,4.677777777777777,3.9333333333333336,12,9,0,0.004067845110355231,0.24854497494779879,0.25737139826199595,0.035534359881965294,0.38139168029271525,9.111491232416828,0.2651223870516678,,,
FIN-L2-01,Finance,L2,Leeds,Over 5 years,Composite of all layers,1,5.588888888888886,5.538888888888888,16,13,0.16599190283400808,0.010218020845551208,0.3208786006089942,0.3475025043551727,0.05597651984099704,0.294771921940164,13.732621114537805,0.19055126884726523,,,
FIN-L2-02,Finance,L2,Leeds,Under 1 year,Composite of all layers,1,4.188888888888888,4.355555555555554,9,11,0,0.0040799600010126315,0.24648544611243595,0.2520450360140037,0.029211701124111953,0.38955166666780716,7.936373417060666,0.29310882532983074,,,
FIN-L3-02,Finance,L3,Leeds,Over 5 years,Composite of all layers,1,4.683333333333331,4.838888888888888,13,13,0,0.007461099797464345,0.2640698939800722,0.2681599006343008,0.03779070233078363,0.34919432992529975,12.992465166625529,0.1966131957739945,,,
FIN-L1-01,Finance,L1,Leeds,Over 5 years,Composite of all layers,1,4.849999999999999,5.366666666666664,12,17,0.07894736842105263,0.010376096693170935,0.32071477701098533,0.32418468668514433,0.047252953229380106,0.2922924239271727,13.991564720597193,0.17677207476236254,,,
FIN-L3-03,Finance,L3,Glasgow,Over 5 years,Composite of all layers,1,5.105555555555553,4.8666666666666645,16,13,0,0.011147096129422746,0.2592183593322351,0.26887215134655146,0.041604407932730195,0.3373660983270987,14.842387506142474,0.17055063508378907,,,
FIN-L2-03,Finance,L2,Glasgow,3 to 5 years,Composite of all layers,1,5.066666666666664,5.183333333333331,17,15,0,0.012681063449886853,0.2656898164093634,0.2758899167805145,0.044465876796990766,0.3202667451036072,14.939207724758198,0.15032312975319762,,,
OPE-L5-01,Operations,L5,Leeds,Over 5 years,Composite of all layers,2,8.794444444444444,9.355555555555556,24,28,0.07219973009446694,0.016139536567891254,0.3949179788702207,0.39878113619732486,0.18306255758900497,0.1568060882200799,21.889783884080558,0.16691455324774646,,,
OPE-L3-01,Operations,L3,Bristol,Over 5 years,Composite of all layers,2,6.616666666666664,6.566666666666664,26,27,0.0033738191632928472,0.013186321492027111,0.3155765771806522,0.30922601145087913,0.1364070519939279,0.18293993096203198,25.652177984441217,0.13635125965002853,,,
OPE-L1-01,Operations,L1,Glasgow,1 to 3 years,Composite of all layers,2,5.783333333333333,5.577777777777777,19,16,0,0.004240267149601016,0.30840147771089704,0.3445654331319139,0.1279023304436727,0.2212467420119274,17.55816301906654,0.19302500336039718,,,
OPE-L3-02,Operations,L3,Glasgow,Under 1 year,Composite of all layers,2,9.522222222222222,10.566666666666665,22,22,0.4365721997300944,0.014049710468589216,0.43751096457439165,0.45549559791524513,0.1842155050234105,0.13107546630448003,20.884201498241055,0.1909101901153006,,,
OPE-L2-01,Operations,L2,Leeds,Over 5 years,Composite of all layers,2,5.766666666666666,6.738888888888887,22,22,0.002699055330634278,0.008500598307783791,0.308030787062811,0.3215115664128121,0.11871877525707206,0.19148219184482115,21.12297265023661,0.1620932410098018,,,
OPE-L3-03,Operations,L3,Bristol,Under 1 year,Composite of all layers,2,6.177777777777776,5.549999999999999,21,22,0,0.010258163683948019,0.3081505147671085,0.31154956642376985,0.12556037695194755,0.2007463937224362,20.252785285810432,0.144998701793949,,,
OPE-L3-04,Operations,L3,Leeds,1 to 3 years,Composite of all layers,2,6.427777777777776,5.488888888888889,23,16,0.010796221322537112,0.008469984543558642,0.30671286072477627,0.3068996735053066,0.1315588218517448,0.18061331461447833,19.95633232207915,0.1635227982621181,,,
OPE-L3-05,Operations,L3,Bristol,Over 5 years,Composite of all layers,2,6.5,5.499999999999999,20,19,0.0020242914979757085,0.011754437056289193,0.32568513753893796,0.31541601127716273,0.13668005218140697,0.1926101434132177,18.030233230880725,0.1704103736770991,,,
PRO-L4-01,Product,L4,Leeds,3 to 5 years,Composite of all layers,3,8.888888888888891,9.927777777777779,25,27,0.04217273954116059,0.016494100201619094,0.37859980661305587,0.38173882383165786,0.22879210368496355,0.15885161891006142,23.395262033961238,0.2037887943932997,,,
PRO-L3-01,Product,L3,Glasgow,Over 5 years,Composite of all layers,3,8.422222222222222,7.783333333333335,26,24,0.010796221322537112,0.014303178824571761,0.3191927634881733,0.3239305087400909,0.20611502918952387,0.15624101057341516,22.514573222719864,0.19915385099194544,,,
PRO-L2-01,Product,L2,Glasgow,1 to 3 years,Composite of all layers,3,9.427777777777777,8.066666666666668,25,27,0.01282051282051282,0.01386839606404183,0.3462605529380943,0.326892048457163,0.22252128334360288,0.15102642536692812,23.41542904799604,0.20099775872484751,,,
PRO-L3-02,Product,L3,Leeds,1 to 3 years,Composite of all layers,3,7.816666666666668,8.794444444444444,27,28,0.029689608636977057,0.01892196019385845,0.3486355493581868,0.3548329134398268,0.19693532928969038,0.1513468581742395,23.815832416940076,0.17942416436027905,,,
PRO-L2-02,Product,L2,Bristol,3 to 5 years,Composite of all layers,3,7.466666666666665,7.594444444444445,25,27,0.004723346828609986,0.014446038912635783,0.30655545953093793,0.3042594369523741,0.18471104472252634,0.15065762068481642,20.611568405838426,0.1806097085277027,,,
PRO-L2-03,Product,L2,Leeds,Over 5 years,Composite of all layers,3,8.522222222222224,9.794444444444448,30,32,0.012145748987854251,0.020460563136382753,0.32431063139412675,0.33166706825123266,0.2088568382397186,0.14164665208741634,25.867839477380084,0.1709939414840038,,,
PRO-L3-03,Product,L3,Bristol,Under 1 year,Composite of all layers,3,7.894444444444445,7.888888888888888,25,25,0.06207827260458839,0.015205628487231436,0.37365376455751165,0.35045022546207594,0.1990487744009076,0.1540994409189415,22.09003009263736,0.19248247173420538,,,
PRO-L2-04,Product,L2,Bristol,Under 1 year,Composite of all layers,3,6.966666666666669,6.916666666666669,25,26,0.0020242914979757085,0.014881066622004313,0.30045262193705397,0.2980510513364557,0.17781619609158164,0.16831771660165637,23.819420593937423,0.17344598513652068,,,
SAL-L4-01,Sales,L4,Leeds,1 to 3 years,Composite of all layers,3,9.622222222222222,9.888888888888895,26,29,0.07557354925775978,0.012568945864702375,0.3529356629078313,0.3806475403231809,0.2341981539864082,0.15353311331755704,23.069442364005102,0.20555882872681028,,,
SAL-L2-01,Sales,L2,Glasgow,Over 5 years,Composite of all layers,3,7.616666666666665,6.977777777777778,27,24,0.0020242914979757085,0.013188498752192678,0.3105131150629006,0.28588033805254115,0.18764137701651754,0.16079998195628292,21.848794821977716,0.1816014427846425,,,
SAL-L2-02,Sales,L2,Bristol,Over 5 years,Composite of all layers,3,7.955555555555556,7.4833333333333325,28,27,0.008771929824561403,0.016536741908316156,0.3066784891786561,0.3109262425520757,0.19305835010003491,0.15903078540223273,23.76015594270008,0.17527835754851892,,,
SAL-L2-03,Sales,L2,Bristol,1 to 3 years,Composite of all layers,3,7.166666666666665,7.661111111111112,24,26,0.002699055330634278,0.009062266285555665,0.3056076519469034,0.3101635381467348,0.182647196354015,0.1714376289994968,21.886754969503485,0.1930492263417079,,,
SAL-L2-04,Sales,L2,Bristol,Over 5 years,Composite of all layers,3,8.366666666666667,7.65,27,24,0.08906882591093117,0.013896349515821138,0.35436107639572395,0.3390372764871059,0.20268928942811554,0.15113134345460863,20.791352889524813,0.19214848005641844,,,
SAL-L2-05,Sales,L2,Glasgow,1 to 3 years,Composite of all layers,3,7.466666666666667,7.144444444444444,27,27,0.0020242914979757085,0.01797918137798015,0.2885018028300513,0.28758532518195024,0.18558887767872043,0.1620349593650984,23.368242712051455,0.17010552382979655,,,
SAL-L2-06,Sales,L2,Bristol,3 to 5 years,Composite of all layers,3,7.7444444444444445,6.433333333333333,24,21,0.004723346828609986,0.008271916346128876,0.3220695020687662,0.29014936812584985,0.19348549025362743,0.1808940648665482,18.801787975457284,0.20992170874499239,,,
SAL-L3-01,Sales,L3,Bristol,Under 1 year,Composite of all layers,3,7.116666666666666,5.9222222222222225,24,19,0.005398110661268556,0.00590762845145154,0.30596283706861,0.27326590659489747,0.1802155014926941,0.17213862245668476,18.552222004047543,0.21121713151548216,,,
PEO-L4-01,People,L4,Leeds,1 to 3 years,Composite of all layers,4,8.916666666666668,8.033333333333333,24,20,0.06106612685560054,0.013759549173536407,0.3734079685868591,0.38147658840494886,0.1919757974485431,0.16985002042085448,20.988469630454183,0.18922792223665572,,,
PEO-L2-01,People,L2,Leeds,Over 5 years,Composite of all layers,4,7.294444444444444,7.694444444444445,19,21,0.009446693657219972,0.005761737091878354,0.31913980990393215,0.338118560797911,0.15698157791489542,0.17758175455320135,18.43667674406001,0.22101349281786756,,,
PEO-L3-01,People,L3,Glasgow,Under 1 year,Composite of all layers,4,7.6611111111111105,7.144444444444446,26,23,0.02125506072874494,0.013224351462711037,0.3719504283096361,0.3256252633481227,0.16257040375557083,0.1700257210814776,23.603247503442766,0.15965277193840785,,,
PEO-L2-02,People,L2,Glasgow,1 to 3 years,Composite of all layers,4,6.550000000000001,6.527777777777779,18,23,0.004048582995951417,0.008518018846459393,0.32723034522451105,0.29647379948850777,0.14512834617057327,0.19498589865838276,19.81422034663391,0.18927321184224402,,,
PEO-L2-03,People,L2,Bristol,3 to 5 years,Composite of all layers,4,5.3277777777777775,7.0055555555555555,18,24,0,0.006783322319456426,0.2952002296941683,0.31505899792612907,0.11164010131333504,0.2050769000055241,19.522098261167958,0.1706794300922266,,,
PEO-L3-02,People,L3,Glasgow,Over 5 years,Composite of all layers,4,6.9,8.094444444444443,22,24,0.08906882591093117,0.00948734492859429,0.36249300448448063,0.3673673262682809,0.14464801116525042,0.17570107903398724,21.07582533001834,0.17532953168099474,,,
PEO-L1-01,People,L1,Glasgow,Over 5 years,Composite of all layers,4,6.0777777777777775,6.916666666666668,19,20,0.002699055330634278,0.004645780741759925,0.3053753433728292,0.31648431105052843,0.13340119281188198,0.1971577039460377,17.45516884816903,0.19957966135939711,,,
PEO-L2-04,People,L2,Leeds,1 to 3 years,Composite of all layers,4,6.433333333333334,6.994444444444445,24,26,0.004723346828609986,0.01430810421203892,0.3065800930174278,0.3064811852361965,0.13252414432951012,0.17530483267366787,23.932985823039367,0.14379792491256183,,,
FIN-L4-01,Finance,L4,Bristol,1 to 3 years,Connection strength,1,4,5.2,5,7,0.003711201079622132,0.00011246063877642824,0.304919630525266,0.29676687249888223,0.008361555630446785,0.46497860412322556,2.995514147688061,0.6469858374315289,,,
FIN-L3-01,Finance,L3,Glasgow,3 to 5 years,Connection strength,1,3.8000000000000003,3.4,7,7,0,0.0005510571300044984,0.23278348994355497,0.255415631147641,0.007564274854446975,0.48529574998953395,2.7328042328042326,0.48130539533039884,,,
FIN-L2-01,Finance,L2,Leeds,Over 5 years,Connection strength,1,4.6000000000000005,3.8000000000000007,8,6,0.14035087719298245,0.10807467386414756,0.3387467284616049,0.3483211233211234,0.03144139102361239,0.3765190227847221,4.25916477702192,0.4196670117242267,,,
FIN-L2-02,Finance,L2,Leeds,Under 1 year,Connection strength,1,3.8000000000000003,3.2,6,6,0,0.0001349527665317139,0.2652053620064447,0.25688083261284245,0.006929076094275628,0.50660352862438,2.5368480725623583,0.5513384027940137,,,
FIN-L3-02,Finance,L3,Leeds,Over 5 years,Connection strength,1,3.4,3.5999999999999996,6,6,0,0.0001349527665317139,0.2709079016601545,0.26599764172965157,0.008425573121913632,0.4824034810428494,2.8035147392290254,0.5456394944728912,,,
FIN-L1-01,Finance,L1,Leeds,Over 5 years,Connection strength,1,4.4,4.8,8,8,0.11943319838056679,0.15169815564552405,0.3336185233333998,0.35669515669515683,0.03181347121658193,0.38031962716957235,4.186249137336095,0.39850407200073373,,,
FIN-L3-03,Finance,L3,Glasgow,Over 5 years,Connection strength,1,4,4.199999999999999,7,7,0.0010121457489878543,0.0005510571300044984,0.2640657608668436,0.2711258468578566,0.009041604474668655,0.46703737976312754,2.994967092528069,0.5157721607277866,,,
FIN-L2-03,Finance,L2,Glasgow,3 to 5 years,Connection strength,1,4.6,4.4,7,7,0.0006747638326585695,0.0005510571300044984,0.27692697372805636,0.2762540519860618,0.009717932680953415,0.4628427399788437,2.921164021164021,0.549998037187873,,,
OPE-L5-01,Operations,L5,Leeds,Over 5 years,Connection strength,2,8.999999999999998,8.8,19,18,0.10260908681961313,0.02735354251885965,0.3949505691441178,0.40882312233505297,0.23039391595550324,0.17547864621977308,17.707339040485106,0.22338759465795874,,,
OPE-L3-01,Operations,L3,Bristol,Over 5 years,Connection strength,2,7.000000000000002,7.200000000000002,18,19,0.010458839406207827,0.027925205885732197,0.3086916502301118,0.3342515546664833,0.18366114406470227,0.18249028308898346,18.35989268947015,0.19278134416101644,,,
OPE-L1-01,Operations,L1,Glasgow,1 to 3 years,Connection strength,2,6.200000000000002,4.6000000000000005,17,9,0.004948268106162843,0.009039749424364807,0.3184252784252786,0.3059184099460971,0.16769108943364047,0.2233607862358466,13.14631834215167,0.2379105350555937,,,
OPE-L3-02,Operations,L3,Glasgow,Under 1 year,Connection strength,2,9.4,10.8,18,18,0.4692307692307691,0.34661411931148767,0.45127594627594636,0.4806674806674808,0.2143670194382513,0.12343877279033921,16.774359578815023,0.18030300552975556,,,
OPE-L2-01,Operations,L2,Leeds,Over 5 years,Connection strength,2,5.400000000000001,6.600000000000002,13,17,0.0020242914979757085,0.024847975286571775,0.3097914342431528,0.32484680622160184,0.14165353833873245,0.19743575874797653,13.73142857142857,0.20530023351879764,,,
OPE-L3-03,Operations,L3,Bristol,Under 1 year,Connection strength,2,6.000000000000002,4.6000000000000005,16,11,0.00022492127755285648,0.01583490826911879,0.31157947465639785,0.2896542016745753,0.1582051267095399,0.21518649573278598,12.589360587002094,0.225151274839089,,,
OPE-L3-04,Operations,L3,Leeds,1 to 3 years,Connection strength,2,6.200000000000002,5.000000000000001,16,11,0.002249212775528565,0.008073756353108578,0.31629908552985486,0.32041515285505917,0.16843768402997697,0.21209329870312923,12.366099773242627,0.23587115600154004,,,
OPE-L3-05,Operations,L3,Bristol,Over 5 years,Connection strength,2,6.000000000000002,5.800000000000002,13,15,0.003767431399010346,0.017329169555890204,0.3312427743196976,0.31913903881170674,0.16484730974022388,0.20251385053653867,13.295567662093084,0.23087877632672998,,,
PRO-L4-01,Product,L4,Leeds,3 to 5 years,Connection strength,3,7.8,8.6,13,17,0.049820062977957706,0.012830877886545904,0.3905480273050625,0.3758196619613376,0.21311479079323634,0.17910427151752664,13.057336430507162,0.2587147447580982,,,
PRO-L3-01,Product,L3,Glasgow,Over 5 years,Connection strength,3,7.2,6.800000000000001,17,13,0.009502923976608187,0.00810663508031929,0.32562499204199613,0.34483857737220686,0.1945043193964076,0.19905190005681617,13.636933106575961,0.25854958508819775,,,
PRO-L2-01,Product,L2,Glasgow,1 to 3 years,Connection strength,3,8.000000000000002,7,16,17,0.009559154295996401,0.010757342260378696,0.3577659467538011,0.3198612754718281,0.21117056864540298,0.18119700877947392,14.81825396825397,0.2399703839630389,,,
PRO-L3-02,Product,L3,Leeds,1 to 3 years,Connection strength,3,5.800000000000001,7.600000000000001,14,19,0.06567701304543411,0.01845300916657192,0.3557810685356473,0.3799430199430201,0.1637137197563248,0.18311642038770315,16.126824212271973,0.21422049449927819,,,
PRO-L2-02,Product,L2,Bristol,3 to 5 years,Connection strength,3,7.000000000000001,6.400000000000001,17,18,0.006691408007197482,0.023129533908886134,0.3295501080116467,0.297871413481966,0.18749338025385665,0.1713918187489573,16.016660743899546,0.20365196021163667,,,
PRO-L2-03,Product,L2,Leeds,Over 5 years,Connection strength,3,6.800000000000001,8.400000000000002,16,20,0.016194331983805668,0.015156444432760218,0.3216449664245228,0.33737660464707614,0.18136082738565615,0.16486182751834452,17.51775793650793,0.21325683027637107,,,
PRO-L3-03,Product,L3,Bristol,Under 1 year,Connection strength,3,6.800000000000002,5.600000000000002,16,14,0.03699955015744489,0.018666915630478384,0.36501800194107903,0.35542660068975884,0.18648613941580597,0.17294336855136008,16.288895289298512,0.21098149400932273,,,
PRO-L2-04,Product,L2,Bristol,Under 1 year,Connection strength,3,5.200000000000001,5.800000000000002,13,14,0,0.011666890614259039,0.2779603302680227,0.30838150343713366,0.1456390306617561,0.20821486115190443,12.970288600288601,0.24174922259741535,,,
SAL-L4-01,Sales,L4,Leeds,1 to 3 years,Connection strength,4,7.800000000000001,8.599999999999998,16,19,0.060425101214574894,0.02052332008472359,0.35086691086691096,0.35442306695669645,0.19895712206121619,0.17475151774507927,16.269802555168408,0.21406847095633236,,,
SAL-L2-01,Sales,L2,Glasgow,Over 5 years,Connection strength,4,6.2,6.4,16,16,0.007557354925775977,0.00988380059736335,0.3126517926517927,0.2970779153646432,0.15796649656646541,0.18665046865643947,16.92300327538423,0.20446141604672757,,,
SAL-L2-02,Sales,L2,Bristol,Over 5 years,Connection strength,4,7.2,7.4,16,18,0.02866621682411156,0.0183108274117046,0.32148790780369735,0.3216745289450005,0.17607037666099337,0.1835560991213295,18.027402696238312,0.1991250273448186,,,
SAL-L2-03,Sales,L2,Bristol,1 to 3 years,Connection strength,4,6,6,16,13,0.010368870895186684,0.02076153622206254,0.29452052221282987,0.30626761006041076,0.15342045605457652,0.20414610862238744,15.046845238095237,0.22010001604210316,,,
SAL-L2-04,Sales,L2,Bristol,Over 5 years,Connection strength,4,7.000000000000002,6.3999999999999995,18,16,0.09595141700404858,0.027254373307004875,0.36058298276921774,0.3318847546343455,0.17689002752914626,0.18131918625013002,15.438598673300165,0.19471772682647126,,,
SAL-L2-05,Sales,L2,Glasgow,1 to 3 years,Connection strength,4,6.2,4.6000000000000005,16,10,0.0029464687359424205,0.007845528602951004,0.30459165665643406,0.2664449444459277,0.15414675599194896,0.23052028459247637,11.995032333921223,0.22834643339808758,,,
SAL-L2-06,Sales,L2,Bristol,3 to 5 years,Connection strength,4,5.6000000000000005,4.000000000000001,13,9,0.004498425551057129,0.004875022638180532,0.31128333654649454,0.2524093081770407,0.14367004524542648,0.2353382369596628,10.15451388888889,0.2473344844301331,,,
SAL-L3-01,Sales,L3,Bristol,Under 1 year,Connection strength,4,5.600000000000001,3.4,13,8,0.0029239766081871343,0.010429142008089375,0.3027851680483261,0.2588582931450281,0.14333781505444373,0.2402474460479561,9.966666666666669,0.25451380011107655,,,
PEO-L4-01,People,L4,Leeds,1 to 3 years,Connection strength,5,8,6.8,18,13,0.027856500224921275,0.009939621781727045,0.3504987320371936,0.3663110494757537,0.20569036972225982,0.18435675283807929,14.619626769626768,0.24352909517816929,,,
PEO-L2-01,People,L2,Leeds,Over 5 years,Connection strength,5,7.199999999999998,8.2,15,18,0.022795771479981998,0.019369125838424088,0.3363706468969627,0.3456394529099244,0.18725592315027365,0.18063429267355835,15.46087920016491,0.24297156454190805,,,
PEO-L3-01,People,L3,Glasgow,Under 1 year,Connection strength,5,7.4,7.000000000000001,17,19,0.027103013945119204,0.032552454043682115,0.37044672990343624,0.338200119574915,0.19657166902726575,0.1805760800660886,17.548451278659613,0.20514912647738826,,,
PEO-L2-02,People,L2,Glasgow,1 to 3 years,Connection strength,5,6.8,7.200000000000001,14,16,0.011021142600089967,0.007839974540379397,0.3357960095037279,0.335114422384894,0.1808473868182046,0.19452851575580954,11.022704081632654,0.27190894743457433,,,
PEO-L2-03,People,L2,Bristol,3 to 5 years,Connection strength,5,4.8,6.8,9,16,0.0007872244714349976,0.004171749490575401,0.29359968815949433,0.32993024968733475,0.12461117479346433,0.22527481589907727,10.145525451559937,0.28690440721909033,,,
PEO-L3-02,People,L3,Glasgow,Over 5 years,Connection strength,5,6.799999999999999,7.399999999999999,14,15,0.0912505623031939,0.02102184689903988,0.3682671744210205,0.3929670329670331,0.17918652539988977,0.19480578667461448,13.495042477084729,0.2611642370240936,,,
PEO-L1-01,People,L1,Glasgow,Over 5 years,Connection strength,5,6.2,6.8,14,16,0.0027552856500224917,0.008920802232205741,0.3069123583952415,0.31698626848750916,0.16184865861969616,0.19807888783817398,12.706562881562881,0.2520952401149541,,,
PEO-L2-04,People,L2,Leeds,1 to 3 years,Connection strength,5,5.3999999999999995,7.4,15,20,0.004161043634727845,0.017221951213179282,0.2897418011588052,0.3188468444151883,0.13966945550305576,0.17041056953135167,16.62850322420635,0.18771304107699296,,,
FIN-L4-01,Finance,L4,Bristol,1 to 3 years,"Valence, positive ratings",1,8.666666666666666,7.666666666666664,15,14,0.030544309491677916,0.01972657286257892,0.37938727938727945,0.36662596662596664,0.13758264454027042,0.1886121510972453,17.742857142857144,0.23280371228239458,,8.666666666666666,15
FIN-L3-01,Finance,L3,Glasgow,3 to 5 years,"Valence, positive ratings",1,5.999999999999998,4.333333333333333,11,9,0.0023841655420602788,0.0056938049984690976,0.33724053724053715,0.2975209975209973,0.09565988040315246,0.23859171671560264,9.670967741935485,0.2939734497221936,,5.999999999999998,11
FIN-L2-01,Finance,L2,Leeds,Over 5 years,"Valence, positive ratings",1,7.33333333333333,7.999999999999998,15,13,0.06239316239316238,0.017848021683066612,0.33689458689458673,0.44371184371184386,0.11970994292208324,0.18871946971241044,14.195652173913043,0.25075378426481376,,7.33333333333333,15
FIN-L2-02,Finance,L2,Leeds,Under 1 year,"Valence, positive ratings",1,5,5.666666666666665,9,11,0.006151596941070624,0.008312204364835943,0.31839826839826824,0.33184778184778174,0.07908056480762275,0.26007550708386673,8.510416666666668,0.32171843601120925,,5,9
FIN-L3-02,Finance,L3,Leeds,Over 5 years,"Valence, positive ratings",1,6.666666666666664,6.666666666666664,13,13,0.0043072424651372015,0.013917014537468108,0.32773892773892754,0.33807488807488795,0.10272443316795016,0.20159953917794246,13.43666666666667,0.24078964671846118,,6.666666666666664,13
FIN-L1-01,Finance,L1,Leeds,Over 5 years,"Valence, positive ratings",1,5.999999999999998,7.999999999999998,12,17,0.031421502474134055,0.017459466871105722,0.36198616198616207,0.3891534391534393,0.10247717781631568,0.17684846769733792,14.270238095238097,0.2149762799902639,,5.999999999999998,12
FIN-L3-03,Finance,L3,Glasgow,Over 5 years,"Valence, positive ratings",1,7.999999999999997,6.666666666666664,16,13,0.015677013045434094,0.018496947037811393,0.3472545972545972,0.34082214082214074,0.12987639409820356,0.1881313564275339,15.146969696969698,0.2268769527341265,,7.999999999999997,16
FIN-L2-03,Finance,L2,Glasgow,3 to 5 years,"Valence, positive ratings",1,7.666666666666663,7.999999999999997,17,15,0.017116509221772373,0.02284513632930406,0.348048248048248,0.36007326007326,0.13192266261110058,0.17534255557840983,15.074468085106384,0.2097787938121983,,7.666666666666663,17
OPE-L5-01,Operations,L5,Leeds,Over 5 years,"Valence, positive ratings",2,7.666666666666664,11.333333333333337,13,21,0.03177254032517191,0.01988334115527098,0.4211843711843714,0.4669108669108669,0.15375958926030478,0.1544827214737318,16.980116959064333,0.22351336695224724,,7.666666666666664,13
OPE-L3-01,Operations,L3,Bristol,Over 5 years,"Valence, positive ratings",2,7.999999999999998,6.999999999999998,16,14,0.012461442066705223,0.014304788787606996,0.3854904354904357,0.3696377696377698,0.15214926843125343,0.15720365203321063,17.36037037037037,0.2236429636500215,,7.999999999999998,16
OPE-L1-01,Operations,L1,Glasgow,1 to 3 years,"Valence, positive ratings",2,4.666666666666666,7.333333333333333,10,10,0.0012370670265407107,0.007044836136620475,0.38076923076923097,0.43343508343508363,0.09702039076800749,0.22760117305246635,9.686111111111112,0.30898694570300117,,4.666666666666666,10
OPE-L3-02,Operations,L3,Glasgow,Under 1 year,"Valence, positive ratings",2,12.000000000000002,12.66666666666667,17,19,0.24055491292333395,0.027460136339040916,0.549206349206349,0.5266788766788767,0.22998913591663464,0.1265659114730891,18.199099099099097,0.2286384416798248,,12.000000000000002,17
OPE-L2-01,Operations,L2,Leeds,Over 5 years,"Valence, positive ratings",2,7.33333333333333,7.999999999999997,14,17,0.002552856500224921,0.017623888457221785,0.3740537240537242,0.3864468864468867,0.14513483258786292,0.16845396963506942,16.53260869565218,0.2258684185798722,,7.33333333333333,14
OPE-L3-03,Operations,L3,Bristol,Under 1 year,"Valence, positive ratings",2,7.33333333333333,7.333333333333332,15,13,0.004723346828609986,0.014241318990998066,0.3760887260887263,0.3948310948310951,0.14037668676927825,0.17405884864508273,14.374621212121214,0.2210703933240085,,7.33333333333333,15
OPE-L3-04,Operations,L3,Leeds,1 to 3 years,"Valence, positive ratings",2,8.33333333333333,3.6666666666666665,17,8,0.009013720197930723,0.010517528280686176,0.37971102971102993,0.33595848595848604,0.16157710396535138,0.14951817330381054,15.102314814814815,0.19680824456518548,,8.33333333333333,17
OPE-L3-05,Operations,L3,Bristol,Over 5 years,"Valence, positive ratings",2,8.666666666666666,5.999999999999999,17,12,0.008458646616541353,0.015492230950082893,0.40824175824175846,0.3827024827024829,0.173256183049719,0.1627398670409861,14.800757575757578,0.2279929260108316,,8.666666666666666,17
PRO-L4-01,Product,L4,Leeds,3 to 5 years,"Valence, positive ratings",3,9.333333333333334,11.333333333333336,14,21,0.061010699826489295,0.01948717200642746,0.4613756613756613,0.45459910459910446,0.1973242605877353,0.15059358639656836,18.29408602150538,0.24822120079310175,,9.333333333333334,14
PRO-L3-01,Product,L3,Glasgow,Over 5 years,"Valence, positive ratings",3,7.333333333333332,8.333333333333332,16,16,0.005724246513720198,0.017337742369834794,0.3495948495948497,0.3932437932437933,0.15532275620055727,0.15669415719458488,17.054609929078016,0.23582237659390443,,7.333333333333332,16
PRO-L2-01,Product,L2,Glasgow,1 to 3 years,"Valence, positive ratings",3,11.666666666666664,8.333333333333332,20,15,0.03598258466679519,0.01786322578635208,0.463858363858364,0.40732600732600754,0.23857475422897653,0.15111882644049376,17.98,0.24919493443057208,,11.666666666666664,20
PRO-L3-02,Product,L3,Leeds,1 to 3 years,"Valence, positive ratings",3,8.666666666666666,9.333333333333334,18,19,0.011050061050061047,0.02490004923680577,0.40409035409035426,0.41400081400081407,0.17909035462754191,0.13921148457207533,19.443209876543207,0.2125003453980851,,8.666666666666666,18
PRO-L2-02,Product,L2,Bristol,3 to 5 years,"Valence, positive ratings",3,5.333333333333332,7.666666666666666,13,15,0.003295900006426322,0.011614246077808829,0.3351851851851853,0.395868945868946,0.11176212782576454,0.15309608780572728,13.969230769230768,0.21897290666450211,,5.333333333333332,13
PRO-L2-03,Product,L2,Leeds,Over 5 years,"Valence, positive ratings",3,9.333333333333336,10,19,23,0.009817813765182185,0.028201282148650572,0.4006308506308508,0.3689865689865691,0.19650309565498833,0.133840063716503,21.521551724137932,0.19630026953890362,,9.333333333333336,19
PRO-L3-03,Product,L3,Bristol,Under 1 year,"Valence, positive ratings",3,8.666666666666668,7.666666666666665,15,16,0.03706702654071075,0.017419836498783866,0.46410256410256395,0.41151811151811174,0.19036938879692433,0.1577677907457231,15.470068027210885,0.23736805483796103,,8.666666666666668,15
PRO-L2-04,Product,L2,Bristol,Under 1 year,"Valence, positive ratings",3,6.999999999999999,6,13,12,0.0035087719298245615,0.010321099168981067,0.3814611314611316,0.3569597069597072,0.15018199866510532,0.18042231643257145,13.642735042735044,0.2704729106838787,,6.999999999999999,13
SAL-L4-01,Sales,L4,Leeds,1 to 3 years,"Valence, positive ratings",4,10.333333333333336,11,20,18,0.08908810487757855,0.026133744185733918,0.4237484737484738,0.4662189662189661,0.20095980002634029,0.1396741933186234,19.43671875,0.21848391058060168,,10.333333333333336,20
SAL-L2-01,Sales,L2,Glasgow,Over 5 years,"Valence, positive ratings",4,6.666666666666665,4.666666666666666,14,10,0.01023391812865497,0.01166970932325924,0.37380952380952387,0.33011803011803015,0.13115577080717636,0.14527156004861858,15.886274509803924,0.17910571043018408,,6.666666666666665,14
SAL-L2-02,Sales,L2,Bristol,Over 5 years,"Valence, positive ratings",4,5.999999999999999,6.333333333333332,14,12,0.009525416104363471,0.013270874050226276,0.34654234654234667,0.3808302808302809,0.12675279619573168,0.1517340741886591,16.820720720720722,0.1928694557346372,,5.999999999999999,14
SAL-L2-03,Sales,L2,Bristol,1 to 3 years,"Valence, positive ratings",4,7.333333333333333,8.333333333333334,14,17,0.011241244135980977,0.01641699656783097,0.3812576312576313,0.37124542124542126,0.14561753172363145,0.161449515616074,15.926950354609929,0.2230515600666675,,7.333333333333333,14
SAL-L2-04,Sales,L2,Bristol,Over 5 years,"Valence, positive ratings",4,8,7.333333333333334,15,15,0.04017254675149412,0.019901475417669748,0.43986568986568986,0.40704110704110713,0.1628547399001132,0.14459606821473966,17.03913043478261,0.19071854406299904,,8,15
SAL-L2-05,Sales,L2,Glasgow,1 to 3 years,"Valence, positive ratings",4,6.666666666666665,7.666666666666667,16,18,0.0019905533063427796,0.020899818813811113,0.33058608058608063,0.35209605209605205,0.1405107455320992,0.1311512324170354,18.166666666666664,0.17375859155561865,,6.666666666666665,16
SAL-L2-06,Sales,L2,Bristol,3 to 5 years,"Valence, positive ratings",4,7,4.999999999999999,14,9,0.014817492449071394,0.009282870135458926,0.3726292226292226,0.3574684574684575,0.13873409461709404,0.1686134567649496,14.528703703703707,0.22429496898466575,,7,14
SAL-L3-01,Sales,L3,Bristol,Under 1 year,"Valence, positive ratings",4,6.666666666666666,3.333333333333333,13,8,0.0025705288863183597,0.006203810809073967,0.372995522995523,0.3043641543641545,0.13346109518188484,0.16578557109119235,13.63888888888889,0.24402758159496668,,6.666666666666666,13
PEO-L4-01,People,L4,Leeds,1 to 3 years,"Valence, positive ratings",5,10.666666666666666,9.333333333333332,19,15,0.04440588651114968,0.02124977113374467,0.4380748880748881,0.4441595441595443,0.21619600235543385,0.15064107215094005,16.49416666666667,0.2510548111321806,,10.666666666666666,19
PEO-L2-01,People,L2,Leeds,Over 5 years,"Valence, positive ratings",5,9.333333333333334,8.333333333333336,18,15,0.016594370541738963,0.016911872428066757,0.39261294261294255,0.4284289784289784,0.19252907730480348,0.16117603478054437,15.116981132075473,0.2582483845392195,,9.333333333333334,18
PEO-L3-01,People,L3,Glasgow,Under 1 year,"Valence, positive ratings",5,9.666666666666666,8.333333333333334,16,18,0.03299193496561917,0.01985074641957233,0.4824175824175826,0.38778998778998774,0.20441398242588862,0.14896705454098466,17.337962962962965,0.22165596279461053,,9.666666666666666,16
PEO-L2-02,People,L2,Glasgow,1 to 3 years,"Valence, positive ratings",5,6.333333333333333,7.333333333333333,12,15,0.007636077372919478,0.010441718150894938,0.3873219373219374,0.36750101750101755,0.138923396014969,0.18120746550458566,12.215040650406506,0.2797941873453462,,6.333333333333333,12
PEO-L2-03,People,L2,Bristol,3 to 5 years,"Valence, positive ratings",5,6,9.000000000000002,13,18,0.0014732343679712098,0.013573147125778702,0.33833943833943825,0.3907203907203907,0.13295489678245115,0.15645188901584942,17.034814814814816,0.23050435102638556,,6,13
PEO-L3-02,People,L3,Glasgow,Over 5 years,"Valence, positive ratings",5,7.666666666666668,11,12,20,0.0635804254225307,0.016173551295008786,0.4595238095238098,0.47010582010582025,0.17259321023958574,0.15637896104618051,16.075297619047618,0.25655172386179365,,7.666666666666668,12
PEO-L1-01,People,L1,Glasgow,Over 5 years,"Valence, positive ratings",5,8,8,15,14,0.0074344515133988815,0.01203521137731664,0.39287749287749296,0.39816849816849825,0.1673571226878126,0.16966500401021767,13.275694444444444,0.2697637280285649,,8,15
PEO-L2-04,People,L2,Leeds,1 to 3 years,"Valence, positive ratings",5,8.333333333333334,9.333333333333334,17,19,0.017445054945054942,0.0231684732022114,0.40388685388685397,0.4052910052910053,0.1718018584347449,0.14719562905945777,19.773270440251576,0.20751788058981296,,8.333333333333334,17
FIN-L4-01,Finance,L4,Bristol,1 to 3 years,"Valence, negative ratings",1,0,0,0,0,,,,,,,,0,Not computed on negative ties.,0,0
FIN-L3-01,Finance,L3,Glasgow,3 to 5 years,"Valence, negative ratings",2,0,0,0,0,,,,,,,,0,Not computed on negative ties.,0,0
FIN-L2-01,Finance,L2,Leeds,Over 5 years,"Valence, negative ratings",3,0,0,0,0,,,,,,,,0,Not computed on negative ties.,0,0
FIN-L2-02,Finance,L2,Leeds,Under 1 year,"Valence, negative ratings",4,0,0,0,0,,,,,,,,0,Not computed on negative ties.,0,0
FIN-L3-02,Finance,L3,Leeds,Over 5 years,"Valence, negative ratings",5,0,0,0,0,,,,,,,,0,Not computed on negative ties.,0,0
FIN-L1-01,Finance,L1,Leeds,Over 5 years,"Valence, negative ratings",6,0,0,0,0,,,,,,,,0,Not computed on negative ties.,0,0
FIN-L3-03,Finance,L3,Glasgow,Over 5 years,"Valence, negative ratings",7,0,0,0,0,,,,,,,,0,Not computed on negative ties.,0,0
FIN-L2-03,Finance,L2,Glasgow,3 to 5 years,"Valence, negative ratings",8,0,0,0,0,,,,,,,,0,Not computed on negative ties.,0,0
OPE-L5-01,Operations,L5,Leeds,Over 5 years,"Valence, negative ratings",9,0,0,0,0,,,,,,,,0,Not computed on negative ties.,0,0
OPE-L3-01,Operations,L3,Bristol,Over 5 years,"Valence, negative ratings",10,0,0,0,0,,,,,,,,0,Not computed on negative ties.,0,0
OPE-L1-01,Operations,L1,Glasgow,1 to 3 years,"Valence, negative ratings",11,0,0,0,0,,,,,,,,0,Not computed on negative ties.,0,0
OPE-L3-02,Operations,L3,Glasgow,Under 1 year,"Valence, negative ratings",12,0,0,0,0,,,,,,,,0,Not computed on negative ties.,0,0
OPE-L2-01,Operations,L2,Leeds,Over 5 years,"Valence, negative ratings",13,0,0,0,0,,,,,,,,0,Not computed on negative ties.,0,0
OPE-L3-03,Operations,L3,Bristol,Under 1 year,"Valence, negative ratings",14,0,0,0,0,,,,,,,,0,Not computed on negative ties.,0,0
OPE-L3-04,Operations,L3,Leeds,1 to 3 years,"Valence, negative ratings",15,0,0,0,0,,,,,,,,0,Not computed on negative ties.,0,0
OPE-L3-05,Operations,L3,Bristol,Over 5 years,"Valence, negative ratings",16,0,0,0,0,,,,,,,,0,Not computed on negative ties.,0,0
PRO-L4-01,Product,L4,Leeds,3 to 5 years,"Valence, negative ratings",17,0,0,0,0,,,,,,,,0,Not computed on negative ties.,0,0
PRO-L3-01,Product,L3,Glasgow,Over 5 years,"Valence, negative ratings",18,0,0,0,0,,,,,,,,0,Not computed on negative ties.,0,0
PRO-L2-01,Product,L2,Glasgow,1 to 3 years,"Valence, negative ratings",19,0,0,0,0,,,,,,,,0,Not computed on negative ties.,0,0
PRO-L3-02,Product,L3,Leeds,1 to 3 years,"Valence, negative ratings",20,0,0,0,0,,,,,,,,0,Not computed on negative ties.,0,0
PRO-L2-02,Product,L2,Bristol,3 to 5 years,"Valence, negative ratings",21,2.333333333333333,2.6666666666666665,3,3,,,,,,,,0.6943323687419141,Not computed on negative ties.,-2.333333333333333,3
PRO-L2-03,Product,L2,Leeds,Over 5 years,"Valence, negative ratings",22,0,0,0,0,,,,,,,,0,Not computed on negative ties.,0,0
PRO-L3-03,Product,L3,Bristol,Under 1 year,"Valence, negative ratings",23,0,0,0,0,,,,,,,,0,Not computed on negative ties.,0,0
PRO-L2-04,Product,L2,Bristol,Under 1 year,"Valence, negative ratings",24,0,0,0,0,,,,,,,,0,Not computed on negative ties.,0,0
SAL-L4-01,Sales,L4,Leeds,1 to 3 years,"Valence, negative ratings",25,0,0,0,0,,,,,,,,0,Not computed on negative ties.,0,0
SAL-L2-01,Sales,L2,Glasgow,Over 5 years,"Valence, negative ratings",21,2,2.333333333333333,2,3,,,,,,,,0.8498402538540748,Not computed on negative ties.,-2,2
SAL-L2-02,Sales,L2,Bristol,Over 5 years,"Valence, negative ratings",21,2.6666666666666665,2.333333333333333,3,3,,,,,,,,0.6943323687419141,Not computed on negative ties.,-2.6666666666666665,3
SAL-L2-03,Sales,L2,Bristol,1 to 3 years,"Valence, negative ratings",26,0,0,0,0,,,,,,,,0,Not computed on negative ties.,0,0
SAL-L2-04,Sales,L2,Bristol,Over 5 years,"Valence, negative ratings",27,0,0,0,0,,,,,,,,0,Not computed on negative ties.,0,0
SAL-L2-05,Sales,L2,Glasgow,1 to 3 years,"Valence, negative ratings",21,2.333333333333333,2,3,2,,,,,,,,0.8498402538540748,Not computed on negative ties.,-2.333333333333333,3
SAL-L2-06,Sales,L2,Bristol,3 to 5 years,"Valence, negative ratings",28,0,0,0,0,,,,,,,,0,Not computed on negative ties.,0,0
SAL-L3-01,Sales,L3,Bristol,Under 1 year,"Valence, negative ratings",29,0,0,0,0,,,,,,,,0,Not computed on negative ties.,0,0
PEO-L4-01,People,L4,Leeds,1 to 3 years,"Valence, negative ratings",30,0,0,0,0,,,,,,,,0,Not computed on negative ties.,0,0
PEO-L2-01,People,L2,Leeds,Over 5 years,"Valence, negative ratings",31,0,0,0,0,,,,,,,,0,Not computed on negative ties.,0,0
PEO-L3-01,People,L3,Glasgow,Under 1 year,"Valence, negative ratings",32,0,0,0,0,,,,,,,,0,Not computed on negative ties.,0,0
PEO-L2-02,People,L2,Glasgow,1 to 3 years,"Valence, negative ratings",33,0,0,0,0,,,,,,,,0,Not computed on negative ties.,0,0
PEO-L2-03,People,L2,Bristol,3 to 5 years,"Valence, negative ratings",34,0,0,0,0,,,,,,,,0,Not computed on negative ties.,0,0
PEO-L3-02,People,L3,Glasgow,Over 5 years,"Valence, negative ratings",35,0,0,0,0,,,,,,,,0,Not computed on negative ties.,0,0
PEO-L1-01,People,L1,Glasgow,Over 5 years,"Valence, negative ratings",36,0,0,0,0,,,,,,,,0,Not computed on negative ties.,0,0
PEO-L2-04,People,L2,Leeds,1 to 3 years,"Valence, negative ratings",37,0,0,0,0,,,,,,,,0,Not computed on negative ties.,0,0
FIN-L4-01,Finance,L4,Bristol,1 to 3 years,Informal collaboration,1,3,2.6,7,7,0,0.00022492127755285648,0.21498893263599164,0.19195894946788028,0.006878377574365535,0.48864267496706315,2.3469387755102034,0.509144704434029,,,
FIN-L3-01,Finance,L3,Glasgow,3 to 5 years,Informal collaboration,1,3.2000000000000006,3.4,6,7,0,0.00011246063877642824,0.2102806404783068,0.2300986595104243,0.005220447275719066,0.4830155825612736,2.2582972582972585,0.5900047274492738,,,
FIN-L2-01,Finance,L2,Leeds,Over 5 years,Informal collaboration,1,4.2,3.8000000000000003,8,8,0.22705802968960861,0.2269455690508322,0.28962908885985794,0.2889300443146596,0.026933629180608022,0.3797693784543787,3.896428571428571,0.43668117681605156,,,
FIN-L2-02,Finance,L2,Leeds,Under 1 year,Informal collaboration,1,3.4,3.2,7,7,0.00022492127755285648,0.00022492127755285648,0.20771653791420425,0.20631792382685463,0.006634258705484762,0.479762188578388,2.184704184704185,0.5537317158015818,,,
FIN-L3-02,Finance,L3,Leeds,Over 5 years,Informal collaboration,1,3.1999999999999997,3.6,7,7,0.00033738191632928474,0.00022492127755285648,0.2201171377641967,0.2352268646386294,0.007125922821902609,0.47579191642626906,2.317927170868347,0.5664452800972956,,,
FIN-L1-01,Finance,L1,Leeds,Over 5 years,Informal collaboration,1,3.8000000000000003,2.8,8,6,0.053981106612685556,0.05409356725146198,0.28039831962908873,0.20375382126275207,0.0265279098235207,0.42053128867907735,3.432900432900433,0.48478759331983273,,,
FIN-L3-03,Finance,L3,Glasgow,Over 5 years,Informal collaboration,1,3,4.000000000000001,6,7,0.00022492127755285648,0.00011246063877642824,0.2226812403282993,0.24548327489503968,0.006865920963416434,0.47129243667994253,2.312244897959183,0.6043892456021339,,,
FIN-L2-03,Finance,L2,Glasgow,3 to 5 years,Informal collaboration,1,3.4,3.2,7,6,0.0008996851102114259,0.00011246063877642824,0.22524534289240186,0.23266276207452685,0.007276230378320934,0.47306778853048653,2.396103896103897,0.5847903891522919,,,
OPE-L5-01,Operations,L5,Leeds,Over 5 years,Informal collaboration,2,5.400000000000001,6.000000000000002,17,21,0.007782276203328834,0.03281022845800174,0.25382267305344225,0.28034478342170654,0.14819226015737552,0.1452090252017864,15.28251879699248,0.1820619593173669,,,
OPE-L3-01,Operations,L3,Bristol,Over 5 years,Informal collaboration,2,5.600000000000001,5.8000000000000025,17,18,0.017094017094017092,0.024747311842453542,0.2592476754015215,0.2672734103503335,0.15960933618602582,0.1666005386459445,15.909983291562236,0.2058100297057345,,,
OPE-L1-01,Operations,L1,Glasgow,1 to 3 years,Informal collaboration,2,5.400000000000001,4.4,16,10,0.010402609086819612,0.011531864821338502,0.2733577533577533,0.29202848433617656,0.15338189593664803,0.19841526774559343,12.283163265306122,0.260888283369366,,,
OPE-L3-02,Operations,L3,Glasgow,Under 1 year,Informal collaboration,2,7.8,9.4,16,16,0.49734592892487633,0.34351815338657443,0.37611721611721627,0.4155799755799758,0.20746804440901004,0.13033777362835167,14.762942967884827,0.2349655701381221,,,
OPE-L2-01,Operations,L2,Leeds,Over 5 years,Informal collaboration,2,4.800000000000001,5.200000000000001,14,15,0.004048582995951417,0.018605152157783737,0.26943902251594554,0.2884255915025146,0.13431623483661392,0.18503401719959534,14.317452380952378,0.22244076463501578,,,
OPE-L3-03,Operations,L3,Bristol,Under 1 year,Informal collaboration,2,4.800000000000002,5.000000000000001,14,16,0.001349527665317139,0.021855702776755408,0.26582417582417583,0.24910866910866913,0.13740910881922305,0.18025318947928573,11.930174927113702,0.2151009763254194,,,
OPE-L3-04,Operations,L3,Leeds,1 to 3 years,Informal collaboration,2,5.400000000000001,3,16,7,0.00449842555105713,0.0066997573576520935,0.2508424908424908,0.23471523686813045,0.15107684216166442,0.19639380587058877,11.894104308390022,0.24507648901717213,,,
OPE-L3-05,Operations,L3,Bristol,Over 5 years,Informal collaboration,2,5.000000000000001,5.000000000000001,14,13,0.015069725596041382,0.018271112603096405,0.27572871572871577,0.29548075855768163,0.14542125507110312,0.18689604916367322,11.763666666666667,0.25583464383018584,,,
PRO-L4-01,Product,L4,Leeds,3 to 5 years,Informal collaboration,3,4.6000000000000005,5.200000000000001,14,17,0.0036437246963562753,0.01147751633581593,0.23723371254450093,0.24798159105851425,0.1525731708929837,0.16479704727792446,13.6174684159378,0.21635238297885592,,,
PRO-L3-01,Product,L3,Glasgow,Over 5 years,Informal collaboration,3,7,6.6000000000000005,17,14,0.016790373369320738,0.011910806242790048,0.30371354136060036,0.32000910100457625,0.23909390493966154,0.18843930145934248,14.63532913165266,0.2822578049867848,,,
PRO-L2-01,Product,L2,Glasgow,1 to 3 years,Informal collaboration,3,7.4,6.3999999999999995,16,14,0.02032163742690058,0.007902428955060532,0.3136782172076291,0.31432145531693056,0.2490966602460428,0.18524713269428356,13.107125603864736,0.3048128457219894,,,
PRO-L3-02,Product,L3,Leeds,1 to 3 years,Informal collaboration,3,5.2,6.000000000000002,14,16,0.0423076923076923,0.019227702122438965,0.3064258818104974,0.3144832944832945,0.17134299133117814,0.17477538447754096,13.567750850340136,0.2562415413533025,,,
PRO-L2-02,Product,L2,Bristol,3 to 5 years,Informal collaboration,3,5.600000000000001,5.200000000000001,17,17,0.009694107062528115,0.020121058278953018,0.26156235920941817,0.24704555612152676,0.16939537623007472,0.15295583624367215,15.96130952380952,0.20795410786160068,,,
PRO-L2-03,Product,L2,Leeds,Over 5 years,Informal collaboration,3,6.200000000000001,8.200000000000001,17,21,0.016059379217273954,0.01609516214779373,0.28181945254343455,0.3224282203467725,0.20490774023225258,0.1668575701613524,17.838045634920633,0.23236097310389248,,,
PRO-L3-03,Product,L3,Bristol,Under 1 year,Informal collaboration,3,5.600000000000001,5.400000000000001,15,13,0.06558704453441296,0.020730925994083882,0.31721884952654195,0.32381601304678237,0.18495603113934136,0.16682052254309515,12.776580086580086,0.24099494846716535,,,
PRO-L2-04,Product,L2,Bristol,Under 1 year,Informal collaboration,3,5.000000000000001,4.800000000000001,15,14,0.0034862798020692753,0.014750381197749624,0.2604295704295706,0.25462225292899276,0.17019511362386694,0.18438480427944676,12.116618075801748,0.2542149253633686,,,
SAL-L4-01,Sales,L4,Leeds,1 to 3 years,Informal collaboration,4,5.000000000000001,4.800000000000001,18,16,0.010964912280701752,0.023618219012955858,0.235795998872922,0.22528411759180988,0.1414085244029401,0.16216487091490123,16.857094266277937,0.18437456149579778,,,
SAL-L2-01,Sales,L2,Glasgow,Over 5 years,Informal collaboration,4,5.6000000000000005,5.200000000000001,14,16,0.019455690508322087,0.010096100480715863,0.26907895523280134,0.24394050394050396,0.13927708262866936,0.19446803457381523,13.88796296296296,0.2190953807316965,,,
SAL-L2-02,Sales,L2,Bristol,Over 5 years,Informal collaboration,4,5.000000000000001,5.400000000000001,13,15,0.007219973009446693,0.008733785707469919,0.25622804545881467,0.2521391680215209,0.1336685386387771,0.1957609609703572,12.904876373626372,0.23695530016237584,,,
SAL-L2-03,Sales,L2,Bristol,1 to 3 years,Informal collaboration,4,4.4,5.4,12,15,0.007253711201079622,0.021619900567268983,0.25330985254062177,0.25133977133977137,0.11471894271125939,0.19606333681542762,13.559645286686102,0.232820830801253,,,
SAL-L2-04,Sales,L2,Bristol,Over 5 years,Informal collaboration,4,5.400000000000001,6.199999999999999,15,17,0.13197255960413856,0.02794386412807465,0.289767155921002,0.30328901867363395,0.14215383756974564,0.17544277196590158,14.60016420361248,0.21641270890145012,,,
SAL-L2-05,Sales,L2,Glasgow,1 to 3 years,Informal collaboration,4,5.800000000000001,4.800000000000001,18,14,0.007894736842105263,0.016846586836465376,0.2589934851473312,0.24484404484404484,0.14650302855571762,0.18734309183855016,16.34806828391734,0.1891365227455888,,,
SAL-L2-06,Sales,L2,Bristol,3 to 5 years,Informal collaboration,4,4.200000000000001,4.199999999999999,10,11,0.011549707602339181,0.0035113035113035107,0.26031216646601263,0.2299212150343372,0.11123652521434796,0.23513661236196481,9.1952947845805,0.28101946840491426,,,
SAL-L3-01,Sales,L3,Bristol,Under 1 year,Informal collaboration,4,5.200000000000001,2.4,16,8,0.001147098515519568,0.005074635590829923,0.248688234842081,0.18951381951381957,0.14064817643172645,0.19289104795280607,13.552756892230576,0.21263322280879834,,,
PEO-L4-01,People,L4,Leeds,1 to 3 years,Informal collaboration,3,6.200000000000002,4.6000000000000005,19,14,0.01619433198380566,0.012258290142905528,0.2527892681000565,0.25272283272283286,0.19562830542337473,0.1489021328617992,15.31499118165785,0.21320338668654387,,,
PEO-L2-01,People,L2,Leeds,Over 5 years,Informal collaboration,3,7.000000000000001,8.4,15,18,0.048582995951417005,0.020465214797198598,0.30677724593418804,0.3375542406311637,0.2464721010864586,0.1811826126579003,14.70949288806432,0.28820891984512426,,,
PEO-L3-01,People,L3,Glasgow,Under 1 year,Informal collaboration,3,5.999999999999999,6.200000000000001,15,19,0.046626180836707144,0.03730545770019454,0.32791328329789865,0.29799755799755806,0.20299082193407542,0.16475522505664458,17.034445745511324,0.21617025537131232,,,
PEO-L2-02,People,L2,Glasgow,1 to 3 years,Informal collaboration,3,7,6.400000000000001,14,17,0.008648223121907331,0.011395069542842824,0.326019536019536,0.28941861557246173,0.24916828300689614,0.1941070555670374,15.05362473347548,0.2854719756963446,,,
PEO-L2-03,People,L2,Bristol,3 to 5 years,Informal collaboration,3,4.8,5.8,12,16,0.0005285650022492128,0.006573696958312342,0.2648405501513385,0.274821417898341,0.16990615120511857,0.20112960710181185,12.191554357592096,0.2728058607155203,,,
PEO-L3-02,People,L3,Glasgow,Over 5 years,Informal collaboration,3,6.4,7.200000000000001,17,20,0.06283175888439047,0.03152877823930455,0.32271181809643346,0.32346764346764356,0.21442093585557068,0.16207464063065252,16.193189775910366,0.22777573333329912,,,
PEO-L1-01,People,L1,Glasgow,Over 5 years,Informal collaboration,3,5.800000000000002,6.999999999999999,13,15,0.005128205128205127,0.007242270400165136,0.27940063059377185,0.3123696816004508,0.20797838215682116,0.19959499263966715,10.501581101190473,0.31771562012543647,,,
PEO-L2-04,People,L2,Leeds,1 to 3 years,Informal collaboration,3,5.6,5.2,17,15,0.008828160143949618,0.010457337684058331,0.27027475792181677,0.26969918969918977,0.18175956558649356,0.1651832698110306,14.246472663139325,0.22151429133138018,,,
FIN-L4-01,Finance,L4,Bristol,1 to 3 years,Formal collaboration,1,8,8,8,8,0.296221322537112,0.0875134489942186,0.5063355447970832,0.4880461418922958,0.013946196846383763,0.3537957711172853,4.925000000000001,0.6155720170822748,,,
FIN-L3-01,Finance,L3,Glasgow,3 to 5 years,Formal collaboration,1,4.6,4.6,7,7,0,0.00011246063877642824,0.34742512389571206,0.3408101702219348,0.002580207097067467,0.4924324135291376,2.6478260869565213,0.6507204973838965,,,
FIN-L2-01,Finance,L2,Leeds,Over 5 years,Formal collaboration,1,5.4,4.4,8,7,0.0020242914979757085,0.06269349700878017,0.3593909358615241,0.34110321051497516,0.004641201057003049,0.4332151522640179,3.85131195335277,0.5254278978070506,,,
FIN-L2-02,Finance,L2,Leeds,Under 1 year,Formal collaboration,1,4,4.8,7,7,0,0.00011246063877642824,0.3397328162034044,0.3433742727860374,0.0023791712476358066,0.4960077645970147,2.577272727272728,0.6319347362736326,,,
FIN-L3-02,Finance,L3,Leeds,Over 5 years,Formal collaboration,1,4.000000000000001,4.8,6,7,0,0,0.34742512389571206,0.3426905121022767,0.002320072323848713,0.49985159563450615,2.590909090909091,0.6763339379683182,,,
FIN-L1-01,Finance,L1,Leeds,Over 5 years,Formal collaboration,1,5.199999999999999,4.800000000000001,8,8,0.001349527665317139,0.07304733383022832,0.3571709336415218,0.34110321051497516,0.005522859196743255,0.41978670775425236,3.9414285714285713,0.49877448054861073,,,
FIN-L3-03,Finance,L3,Glasgow,Over 5 years,Formal collaboration,1,4.8,4.6,7,7,0,0.00011246063877642824,0.3525533290239172,0.34012640953817413,0.0026236888122568966,0.4901749227872774,2.6914893617021276,0.6575428599025112,,,
FIN-L2-03,Finance,L2,Glasgow,3 to 5 years,Formal collaboration,1,4.6,4.4,7,7,0,0.00011246063877642824,0.34742512389571206,0.3382460676578323,0.002580207097067467,0.49392649692362334,2.608888888888889,0.6418619110526622,,,
OPE-L5-01,Operations,L5,Leeds,Over 5 years,Formal collaboration,2,11.199999999999996,8.8,16,12,0.5256410256410257,0.12888883773802842,0.6235754985754985,0.5776353276353277,0.11781150344838891,0.17015473345149063,14.642238095238095,0.23602207733081196,,,
OPE-L3-01,Operations,L3,Bristol,Over 5 years,Formal collaboration,2,5.800000000000001,5.800000000000001,12,13,0.016531713900134953,0.020334483209804126,0.4130177514792902,0.3945311099157256,0.0427122987616211,0.26532076970470625,13.028489326765184,0.23108204309459032,,,
OPE-L1-01,Operations,L1,Glasgow,1 to 3 years,Formal collaboration,2,5.200000000000001,5,14,9,0.0043859649122807015,0.011538319230626922,0.39506903353057227,0.39779451317912884,0.05669594184399562,0.2752706909258044,11.441456582633048,0.25396081501339385,,,
OPE-L3-02,Operations,L3,Glasgow,Under 1 year,Formal collaboration,2,6.400000000000002,8.8,15,17,0.010796221322537112,0.22268202522480138,0.33607588992204396,0.43467408659716367,0.052404457463691746,0.15516771577376914,14.454135338345862,0.16298122137178195,,,
OPE-L2-01,Operations,L2,Leeds,Over 5 years,Formal collaboration,2,4.4,6.600000000000001,9,16,0.0043859649122807015,0.021186587987737385,0.4012961397576785,0.4003586157432314,0.025968683771834228,0.2600465246685595,11.359134199134198,0.21043673884672254,,,
OPE-L3-03,Operations,L3,Bristol,Under 1 year,Formal collaboration,2,5.800000000000001,5.2,11,11,0.02125506072874494,0.01945291978382564,0.4181459566074953,0.3965735119581276,0.04297957594095505,0.2831302771440401,8.96069264069264,0.2497637858720746,,,
OPE-L3-04,Operations,L3,Leeds,1 to 3 years,Formal collaboration,2,5.6000000000000005,1.5999999999999999,12,4,0,0.005914811684042452,0.4078895463510851,0.25028573121793446,0.04306515831620639,0.2863523287311146,9.449603174603176,0.24947154632275176,,,
OPE-L3-05,Operations,L3,Bristol,Over 5 years,Formal collaboration,2,4.200000000000001,5.200000000000001,10,11,0,0.00998705522997021,0.2902994839435516,0.39266630805092373,0.03099929980809771,0.2730651152547513,10.471124620060788,0.24376281275094758,,,
PRO-L4-01,Product,L4,Leeds,3 to 5 years,Formal collaboration,3,13.2,14.399999999999997,18,20,0.1692532613585245,0.014898287936668,0.4999708624708624,0.5727885362500749,0.2964741326023577,0.190240423681612,13.185058661145613,0.4833630384758441,,,
PRO-L3-01,Product,L3,Glasgow,Over 5 years,Formal collaboration,3,10.999999999999998,9.399999999999997,19,16,0.0005623031938821411,0.008709660094701643,0.43417513234408706,0.4202147852147853,0.25252068126304156,0.21432436304997307,10.550140056022405,0.473821311048138,,,
PRO-L2-01,Product,L2,Glasgow,1 to 3 years,Formal collaboration,3,9.999999999999995,9.999999999999996,19,17,0,0.01064316924136713,0.4032666407666407,0.42602675102675097,0.22468579530399185,0.20925801363212299,11.534999999999995,0.4352912931628664,,,
PRO-L3-02,Product,L3,Leeds,1 to 3 years,Formal collaboration,3,9.799999999999999,11.399999999999997,17,21,0.0020242914979757085,0.019298628133070567,0.4222969820043983,0.441045066045066,0.22492593588634746,0.1993994822440748,13.386433063791552,0.4099817430900726,,,
PRO-L2-02,Product,L2,Bristol,3 to 5 years,Formal collaboration,3,9.999999999999996,10.999999999999998,18,19,0,0.021830182980782473,0.4224942206631754,0.4432917082917084,0.22979159032861898,0.2070826180371653,11.366848072562354,0.425936447091377,,,
PRO-L2-03,Product,L2,Leeds,Over 5 years,Formal collaboration,3,9.399999999999999,11,15,19,0.00022492127755285648,0.015248722359124584,0.4046911421911422,0.44397546897546913,0.23029184915683598,0.21769703638475787,9.621848739495796,0.49638666978026885,,,
PRO-L3-03,Product,L3,Bristol,Under 1 year,Formal collaboration,3,10.399999999999999,11.399999999999999,17,20,0.007422402159244264,0.017988197064144375,0.4272168572168572,0.4461732711732712,0.23296360135526434,0.19910091333462693,12.67981651376147,0.43409668992188527,,,
PRO-L2-04,Product,L2,Bristol,Under 1 year,Formal collaboration,3,10.599999999999998,10.6,17,17,0,0.014394122115047547,0.42890766640766653,0.4414113664113665,0.24461958075082138,0.21577661729120648,10.469676549865229,0.5032075894475138,,,
SAL-L4-01,Sales,L4,Leeds,1 to 3 years,Formal collaboration,3,13.999999999999996,14.399999999999999,22,19,0.2790148448043185,0.024376586345574273,0.5616938616938617,0.5779167413782799,0.28718914723793326,0.17829940412316037,15.241146881287728,0.41770298651636534,,,
SAL-L2-01,Sales,L2,Glasgow,Over 5 years,Formal collaboration,3,9.399999999999999,10.999999999999996,17,20,0,0.011463120085003739,0.4226079476079477,0.4362831612831613,0.21883350057209122,0.20622745852921612,12.538935574229692,0.4174814537180175,,,
SAL-L2-02,Sales,L2,Bristol,Over 5 years,Formal collaboration,3,10.199999999999998,10.599999999999998,17,18,0.00033738191632928474,0.013393571126274727,0.43310855810855814,0.4355994005994006,0.24146875520330738,0.21436810944498394,9.666758241758242,0.48065454725276097,,,
SAL-L2-03,Sales,L2,Bristol,1 to 3 years,Formal collaboration,3,9.999999999999998,10.6,17,19,0,0.021219433488093676,0.4328643578643579,0.4330352980352981,0.2335529371436253,0.21061032824013473,9.432316227461856,0.4499356004318693,,,
SAL-L2-04,Sales,L2,Bristol,Over 5 years,Formal collaboration,3,10.399999999999999,10.4,19,19,0.0020242914979757085,0.024884460584792142,0.43054445554445564,0.4333527583527584,0.22816242246535973,0.19804082235835752,13.687225274725272,0.3954911910387842,,,
SAL-L2-05,Sales,L2,Glasgow,1 to 3 years,Formal collaboration,3,10.399999999999999,10.8,18,16,0,0.007034264340358524,0.4393356643356645,0.4516677766677768,0.2369692540903521,0.21534271154015955,10.546226415094338,0.50213869476471,,,
SAL-L2-06,Sales,L2,Bristol,3 to 5 years,Formal collaboration,3,11.399999999999999,9.999999999999998,19,15,0.00033738191632928474,0.007717158444305259,0.45337717837717845,0.4388472638472639,0.259453663052189,0.21699490685152528,9.729773030707609,0.5152692922008626,,,
SAL-L3-01,Sales,L3,Bristol,Under 1 year,Formal collaboration,3,11,4,18,8,0,0.007761536708905129,0.4510572760572762,0.35836658615910877,0.25406337128752327,0.21109401744910797,10.75238095238095,0.4228846766279888,,,
PEO-L4-01,People,L4,Leeds,1 to 3 years,Formal collaboration,4,10.600000000000001,9.6,17,12,0.30533063427800267,0.026528294799221794,0.5262543012543012,0.522147510609049,0.0965608507187417,0.218799611031938,14.543564356435647,0.2940194472266261,,,
PEO-L2-01,People,L2,Leeds,Over 5 years,Formal collaboration,4,5.3999999999999995,5.2,12,12,0,0.0173087406308662,0.3550869933848657,0.35057609057609057,0.03521586522118714,0.2988530561417224,11.29811320754717,0.2576482438475396,,,
PEO-L3-01,People,L3,Glasgow,Under 1 year,Formal collaboration,4,5.999999999999999,6.8,13,18,0.001349527665317139,0.03556247659401919,0.35936049765836997,0.3611499611499612,0.046641314630225576,0.2406211433440926,15.818229166666665,0.2004272620310274,,,
PEO-L2-02,People,L2,Glasgow,1 to 3 years,Formal collaboration,4,5.2,4.8,10,9,0,0.007897040376264753,0.3602151985130709,0.3531401931401931,0.02746757297047842,0.34937268921699105,7.5586666666666655,0.37276485536297904,,,
PEO-L2-03,People,L2,Bristol,3 to 5 years,Formal collaboration,4,4.999999999999999,6.199999999999999,9,13,0,0.007572520072520071,0.3602151985130709,0.36920856920856926,0.02647918484343454,0.3181204344094929,9.846428571428572,0.29785516039320276,,,
PEO-L3-02,People,L3,Glasgow,Over 5 years,Formal collaboration,4,5.3999999999999995,6.599999999999999,10,16,0.0020242914979757085,0.03177291486156569,0.3619246002224726,0.3611499611499611,0.028171879187724815,0.2729867042165425,13.234841269841272,0.2374781491663079,,,
PEO-L1-01,People,L1,Glasgow,Over 5 years,Formal collaboration,4,4.2,4.8,7,9,0,0.002539538793001397,0.35252289082076316,0.3531401931401931,0.02026251459749146,0.3878204676470359,4.706666666666666,0.4793468715193147,,,
PEO-L2-04,People,L2,Leeds,1 to 3 years,Formal collaboration,4,5.6,5.4,13,12,0,0.012826914800599009,0.3576510959489683,0.3531401931401931,0.036551956512187636,0.2929147952190566,11.325454545454544,0.25028521224421846,,,
